nombre;apellidos;rol;email;password;;
juan;Santin;Alumno;juan3@juan.com;juan;;
juan;Santin;Alumno;juan4@juan.com;juan;;
juan;Santin;Alumno;juan5@juan.com;juan;;
juan;Santin;Alumno;juan6@juan.com;juan;;
juan;Santin;Alumno;juan7@juan.com;juan;;
juan;Santin;Alumno;juan8@juan.com;juan;;
juan;Santin;Alumno;juan9@juan.com;juan;;
juan;Santin;Alumno;juan10@juan.com;juan;;
juan;Santin;Alumno;juan11@juan.com;juan;;
juan;Santin;Alumno;juan12@juan.com;juan;;
juan;Santin;Alumno;juan13@juan.com;juan;;
juan;Santin;Alumno;juan14@juan.com;juan;;
;;;;;;
;;;;;;
;;;;;;
;;;;;;
;;;;;;
